country,views,rank,views_ceil,lang
US,1000000000-9999999999,1,3194571000,en
GB,100000000-999999999,2,883167000,en
IN,100000000-999999999,3,734491000,en
CA,100000000-999999999,4,386835000,en
AU,100000000-999999999,5,240218000,en
DE,100000000-999999999,6,150483000,en
PH,100000000-999999999,7,131395000,en
NL,10000000-99999999,8,82546000,en
ID,10000000-99999999,9,77209000,en
FR,10000000-99999999,10,72521000,en
IR,10000000-99999999,11,71290000,en
IT,10000000-99999999,12,69435000,en
MY,10000000-99999999,13,66850000,en
IE,10000000-99999999,14,66210000,en
BR,10000000-99999999,15,63368000,en
SE,10000000-99999999,16,63264000,en
PL,10000000-99999999,17,60377000,en
SG,10000000-99999999,18,58201000,en
ZA,10000000-99999999,19,55053000,en
NZ,10000000-99999999,20,51796000,en
ES,10000000-99999999,21,50597000,en
PK,10000000-99999999,22,49860000,en
RU,10000000-99999999,23,47914000,en
JP,10000000-99999999,24,41371000,en
FI,10000000-99999999,25,38869000,en
NG,10000000-99999999,26,38733000,en
MX,10000000-99999999,27,37502000,en
TR,10000000-99999999,28,37496000,en
BD,10000000-99999999,29,37222000,en
RO,10000000-99999999,30,36880000,en
GR,10000000-99999999,31,35486000,en
BE,10000000-99999999,32,33534000,en
TH,10000000-99999999,33,31969000,en
NO,10000000-99999999,34,30699000,en
DK,10000000-99999999,35,30358000,en
HK,10000000-99999999,36,27986000,en
AE,10000000-99999999,37,27496000,en
CH,10000000-99999999,38,27434000,en
IL,10000000-99999999,39,26483000,en
HU,10000000-99999999,40,25570000,en
RS,10000000-99999999,41,24878000,en
CZ,10000000-99999999,42,24574000,en
PT,10000000-99999999,43,22966000,en
VN,10000000-99999999,44,21877000,en
KR,10000000-99999999,45,21860000,en
AT,10000000-99999999,46,21157000,en
HR,10000000-99999999,47,19808000,en
SA,10000000-99999999,48,19387000,en
BG,10000000-99999999,49,18778000,en
EG,10000000-99999999,50,18012000,en
TW,10000000-99999999,51,17219000,en
AR,10000000-99999999,52,16622000,en
UA,10000000-99999999,53,15605000,en
KE,10000000-99999999,54,14844000,en
LK,10000000-99999999,55,14392000,en
NP,10000000-99999999,56,11713000,en
SK,10000000-99999999,57,11484000,en
CL,10000000-99999999,58,10869000,en
CO,10000000-99999999,59,10817000,en
SI,10000000-99999999,60,10801000,en
LT,1000000-9999999,61,9991000,en
EE,1000000-9999999,62,8414000,en
MA,1000000-9999999,63,7559000,en
GH,1000000-9999999,64,7473000,en
PE,1000000-9999999,65,7428000,en
BA,1000000-9999999,66,7175000,en
GE,1000000-9999999,67,6606000,en
LV,1000000-9999999,68,6283000,en
IQ,1000000-9999999,69,6150000,en
MK,1000000-9999999,70,6074000,en
PR,1000000-9999999,71,5975000,en
QA,1000000-9999999,72,5635000,en
DZ,1000000-9999999,73,5561000,en
ET,1000000-9999999,74,5341000,en
KZ,1000000-9999999,75,4749000,en
AZ,1000000-9999999,76,4624000,en
TZ,1000000-9999999,77,4614000,en
KW,1000000-9999999,78,4520000,en
MM,1000000-9999999,79,4359000,en
CY,1000000-9999999,80,4292000,en
IS,1000000-9999999,81,4123000,en
AL,1000000-9999999,82,4041000,en
VE,1000000-9999999,83,3991000,en
KH,1000000-9999999,84,3802000,en
LB,1000000-9999999,85,3755000,en
CR,1000000-9999999,86,3696000,en
MT,1000000-9999999,87,3589000,en
--,1000000-9999999,88,3585000,en
DO,1000000-9999999,89,3568000,en
UG,1000000-9999999,90,3564000,en
TN,1000000-9999999,91,3408000,en
JO,1000000-9999999,92,3363000,en
TT,1000000-9999999,93,3221000,en
UZ,1000000-9999999,94,3179000,en
LU,1000000-9999999,95,3176000,en
JM,1000000-9999999,96,3125000,en
BY,1000000-9999999,97,3067000,en
AM,1000000-9999999,98,2949000,en
EC,1000000-9999999,99,2930000,en
BH,1000000-9999999,100,2750000,en
OM,1000000-9999999,101,2666000,en
MU,1000000-9999999,102,2531000,en
UY,1000000-9999999,103,2450000,en
MD,1000000-9999999,104,2376000,en
PA,1000000-9999999,105,2362000,en
MN,1000000-9999999,106,2182000,en
ME,1000000-9999999,107,2101000,en
ZM,1000000-9999999,108,2085000,en
XK,1000000-9999999,109,2066000,en
GT,1000000-9999999,110,1986000,en
ZW,1000000-9999999,111,1859000,en
BN,1000000-9999999,112,1730000,en
SD,1000000-9999999,113,1464000,en
BO,1000000-9999999,114,1431000,en
HN,1000000-9999999,115,1379000,en
MV,1000000-9999999,116,1332000,en
CM,1000000-9999999,117,1229000,en
SV,1000000-9999999,118,1194000,en
SO,1000000-9999999,119,1180000,en
JE,1000000-9999999,120,1117000,en
BS,1000000-9999999,121,1088000,en
IM,1000000-9999999,122,1071000,en
PY,1000000-9999999,123,1065000,en
LY,1000000-9999999,124,1040000,en
BB,1000000-9999999,125,1026000,en
RW,1000000-9999999,126,1024000,en
PS,1000000-9999999,127,1018000,en
NA,100000-999999,128,942000,en
KG,100000-999999,129,942000,en
BW,100000-999999,130,898000,en
AF,100000-999999,131,869000,en
MW,100000-999999,132,865000,en
AO,100000-999999,133,771000,en
GY,100000-999999,134,731000,en
NI,100000-999999,135,727000,en
SY,100000-999999,136,710000,en
LR,100000-999999,137,673000,en
YE,100000-999999,138,672000,en
MO,100000-999999,139,672000,en
FJ,100000-999999,140,659000,en
SL,100000-999999,141,658000,en
CI,100000-999999,142,657000,en
CD,100000-999999,143,655000,en
CU,100000-999999,144,637000,en
GU,100000-999999,145,632000,en
GG,100000-999999,146,610000,en
SN,100000-999999,147,579000,en
MZ,100000-999999,148,575000,en
LA,100000-999999,149,566000,en
TM,100000-999999,150,533000,en
CN,100000-999999,151,530000,en
SR,100000-999999,152,527000,en
SC,100000-999999,153,522000,en
BZ,100000-999999,154,519000,en
PG,100000-999999,155,504000,en
KY,100000-999999,156,471000,en
AW,100000-999999,157,415000,en
BT,100000-999999,158,396000,en
BM,100000-999999,159,384000,en
FO,100000-999999,160,358000,en
CW,100000-999999,161,353000,en
MG,100000-999999,162,349000,en
LC,100000-999999,163,342000,en
GI,100000-999999,164,335000,en
VI,100000-999999,165,324000,en
BJ,100000-999999,166,309000,en
SS,100000-999999,167,281000,en
HT,100000-999999,168,273000,en
GM,100000-999999,169,269000,en
RE,100000-999999,170,257000,en
GD,100000-999999,171,256000,en
TJ,100000-999999,172,253000,en
AG,100000-999999,173,238000,en
LS,100000-999999,174,235000,en
TG,100000-999999,175,229000,en
SZ,100000-999999,176,211000,en
CV,100000-999999,177,190000,en
VC,100000-999999,178,184000,en
ML,100000-999999,179,180000,en
MC,100000-999999,180,177000,en
AD,100000-999999,181,173000,en
MR,100000-999999,182,163000,en
GN,100000-999999,183,151000,en
AX,100000-999999,184,151000,en
KN,100000-999999,185,149000,en
TC,100000-999999,186,148000,en
BF,100000-999999,187,148000,en
GP,100000-999999,188,141000,en
DJ,100000-999999,189,135000,en
SX,100000-999999,190,134000,en
DM,100000-999999,191,132000,en
VG,100000-999999,192,123000,en
GL,100000-999999,193,121000,en
MQ,100000-999999,194,119000,en
PF,100000-999999,195,118000,en
MP,100000-999999,196,111000,en
GA,100000-999999,197,111000,en
BI,100000-999999,198,109000,en
NE,100000-999999,199,101000,en
CG,10000-99999,200,92000,en
LI,10000-99999,201,92000,en
VU,10000-99999,202,85000,en
NC,10000-99999,203,82000,en
BQ,10000-99999,204,78000,en
SB,10000-99999,205,76000,en
TL,10000-99999,206,75000,en
WS,10000-99999,207,60000,en
GF,10000-99999,208,56000,en
AI,10000-99999,209,54000,en
MF,10000-99999,210,49000,en
TD,10000-99999,211,45000,en
SM,10000-99999,212,45000,en
AS,10000-99999,213,43000,en
GQ,10000-99999,214,39000,en
PW,10000-99999,215,38000,en
ER,10000-99999,216,36000,en
FK,10000-99999,217,36000,en
TO,10000-99999,218,36000,en
CK,10000-99999,219,36000,en
GW,10000-99999,220,31000,en
FM,10000-99999,221,29000,en
MH,10000-99999,222,24000,en
BL,10000-99999,223,18000,en
YT,10000-99999,224,17000,en
CF,10000-99999,225,17000,en
KM,10000-99999,226,17000,en
NR,10000-99999,227,16000,en
KI,10000-99999,228,14000,en
MS,10000-99999,229,13000,en
VA,10000-99999,230,11000,en
IO,1000-9999,231,9000,en
ST,1000-9999,232,9000,en
PM,1000-9999,233,7000,en
NF,1000-9999,234,5000,en
TV,1000-9999,235,4000,en
WF,100-999,236,1000,en
CX,100-999,237,1000,en
NU,100-999,238,1000,en
TK,100-999,239,1000,en
KP,100-999,240,1000,en
SJ,100-999,241,1000,en
ES,100000000-999999999,1,230101000,es
MX,100000000-999999999,2,148950000,es
AR,10000000-99999999,3,89532000,es
CO,10000000-99999999,4,63280000,es
CL,10000000-99999999,5,49892000,es
PE,10000000-99999999,6,38582000,es
US,10000000-99999999,7,36613000,es
VE,10000000-99999999,8,28900000,es
EC,10000000-99999999,9,22808000,es
DO,10000000-99999999,10,13118000,es
GT,1000000-9999999,11,9556000,es
UY,1000000-9999999,12,9459000,es
BO,1000000-9999999,13,7916000,es
CR,1000000-9999999,14,6867000,es
PA,1000000-9999999,15,5252000,es
PY,1000000-9999999,16,5110000,es
BR,1000000-9999999,17,4775000,es
SV,1000000-9999999,18,4093000,es
HN,1000000-9999999,19,3695000,es
CU,1000000-9999999,20,3577000,es
FR,1000000-9999999,21,3496000,es
DE,1000000-9999999,22,3350000,es
NI,1000000-9999999,23,2709000,es
PR,1000000-9999999,24,2596000,es
IT,1000000-9999999,25,2571000,es
GB,1000000-9999999,26,2462000,es
CA,1000000-9999999,27,1899000,es
NL,1000000-9999999,28,1185000,es
TW,100000-999999,29,997000,es
PT,100000-999999,30,804000,es
CH,100000-999999,31,781000,es
BE,100000-999999,32,759000,es
RU,100000-999999,33,712000,es
SG,100000-999999,34,686000,es
PL,100000-999999,35,665000,es
IN,100000-999999,36,519000,es
JP,100000-999999,37,506000,es
IE,100000-999999,38,468000,es
SE,100000-999999,39,458000,es
AU,100000-999999,40,407000,es
IL,100000-999999,41,347000,es
TR,100000-999999,42,327000,es
MA,100000-999999,43,323000,es
AT,100000-999999,44,315000,es
CZ,100000-999999,45,310000,es
ID,100000-999999,46,308000,es
AD,100000-999999,47,285000,es
PH,100000-999999,48,284000,es
RO,100000-999999,49,281000,es
UA,100000-999999,50,252000,es
NO,100000-999999,51,222000,es
IR,100000-999999,52,204000,es
EG,100000-999999,53,201000,es
DK,100000-999999,54,195000,es
FI,100000-999999,55,194000,es
HU,100000-999999,56,171000,es
--,100000-999999,57,171000,es
GQ,100000-999999,58,166000,es
GR,100000-999999,59,166000,es
TH,100000-999999,60,157000,es
RS,100000-999999,61,153000,es
BG,100000-999999,62,152000,es
HK,100000-999999,63,139000,es
VN,100000-999999,64,133000,es
MY,100000-999999,65,129000,es
KR,100000-999999,66,129000,es
AE,100000-999999,67,114000,es
ZA,100000-999999,68,111000,es
DZ,100000-999999,69,110000,es
NZ,100000-999999,70,103000,es
BD,100000-999999,71,102000,es
PK,100000-999999,72,101000,es
SA,10000-99999,73,93000,es
LU,10000-99999,74,83000,es
SK,10000-99999,75,76000,es
HR,10000-99999,76,72000,es
JO,10000-99999,77,63000,es
IQ,10000-99999,78,60000,es
SI,10000-99999,79,54000,es
TN,10000-99999,80,53000,es
LV,10000-99999,81,53000,es
NG,10000-99999,82,49000,es
MT,10000-99999,83,46000,es
LT,10000-99999,84,44000,es
CW,10000-99999,85,42000,es
MD,10000-99999,86,38000,es
BA,10000-99999,87,37000,es
AW,10000-99999,88,37000,es
BY,10000-99999,89,35000,es
KZ,10000-99999,90,35000,es
GE,10000-99999,91,34000,es
EE,10000-99999,92,34000,es
KE,10000-99999,93,34000,es
AL,10000-99999,94,33000,es
UZ,10000-99999,95,33000,es
IS,10000-99999,96,33000,es
TT,10000-99999,97,29000,es
SN,10000-99999,98,29000,es
LB,10000-99999,99,29000,es
QA,10000-99999,100,28000,es
AO,10000-99999,101,27000,es
AZ,10000-99999,102,27000,es
NP,10000-99999,103,24000,es
MK,10000-99999,104,23000,es
AM,10000-99999,105,22000,es
KH,10000-99999,106,21000,es
CY,10000-99999,107,19000,es
OM,10000-99999,108,18000,es
CI,10000-99999,109,17000,es
BH,10000-99999,110,17000,es
CM,10000-99999,111,17000,es
HT,10000-99999,112,17000,es
BZ,10000-99999,113,17000,es
LY,10000-99999,114,15000,es
JM,10000-99999,115,15000,es
GI,10000-99999,116,13000,es
PS,10000-99999,117,13000,es
LK,10000-99999,118,12000,es
CV,10000-99999,119,12000,es
KW,10000-99999,120,12000,es
ET,10000-99999,121,12000,es
KY,10000-99999,122,12000,es
XK,10000-99999,123,12000,es
SC,10000-99999,124,12000,es
MZ,10000-99999,125,11000,es
YE,10000-99999,126,11000,es
GY,10000-99999,127,11000,es
ME,10000-99999,128,11000,es
MM,10000-99999,129,11000,es
TZ,1000-9999,130,10000,es
GH,1000-9999,131,10000,es
SY,1000-9999,132,10000,es
RE,1000-9999,133,9000,es
BJ,1000-9999,134,9000,es
CD,1000-9999,135,9000,es
ML,1000-9999,136,9000,es
TJ,1000-9999,137,8000,es
GP,1000-9999,138,8000,es
KG,1000-9999,139,8000,es
SR,1000-9999,140,8000,es
MU,1000-9999,141,8000,es
GF,1000-9999,142,7000,es
MQ,1000-9999,143,7000,es
BS,1000-9999,144,7000,es
MN,1000-9999,145,7000,es
GA,1000-9999,146,7000,es
MR,1000-9999,147,6000,es
MV,1000-9999,148,6000,es
UG,1000-9999,149,6000,es
CN,1000-9999,150,6000,es
MO,1000-9999,151,5000,es
TG,1000-9999,152,5000,es
BB,1000-9999,153,5000,es
LA,1000-9999,154,5000,es
TL,1000-9999,155,4000,es
BQ,1000-9999,156,4000,es
SO,1000-9999,157,4000,es
MG,1000-9999,158,4000,es
RW,1000-9999,159,4000,es
SD,1000-9999,160,4000,es
SX,1000-9999,161,4000,es
MC,1000-9999,162,4000,es
GW,1000-9999,163,4000,es
GM,1000-9999,164,3000,es
JE,1000-9999,165,3000,es
BF,1000-9999,166,3000,es
ZM,1000-9999,167,3000,es
GU,1000-9999,168,3000,es
TC,1000-9999,169,3000,es
TM,1000-9999,170,3000,es
VI,1000-9999,171,3000,es
CG,1000-9999,172,3000,es
AF,1000-9999,173,3000,es
GN,1000-9999,174,3000,es
LI,1000-9999,175,3000,es
NA,1000-9999,176,3000,es
ZW,1000-9999,177,3000,es
AG,1000-9999,178,3000,es
PF,1000-9999,179,3000,es
BN,1000-9999,180,2000,es
IM,1000-9999,181,2000,es
KN,1000-9999,182,2000,es
BW,1000-9999,183,2000,es
YT,1000-9999,184,2000,es
NE,1000-9999,185,2000,es
VG,1000-9999,186,2000,es
GD,1000-9999,187,2000,es
FJ,1000-9999,188,2000,es
VA,1000-9999,189,2000,es
MF,1000-9999,190,2000,es
VC,1000-9999,191,2000,es
MW,1000-9999,192,2000,es
NC,1000-9999,193,2000,es
LC,1000-9999,194,2000,es
DM,1000-9999,195,2000,es
BM,1000-9999,196,2000,es
PG,1000-9999,197,2000,es
TD,100-999,198,1000,es
SM,100-999,199,1000,es
SL,100-999,200,1000,es
ST,100-999,201,1000,es
AI,100-999,202,1000,es
DJ,100-999,203,1000,es
FO,100-999,204,1000,es
BI,100-999,205,1000,es
LR,100-999,206,1000,es
FK,100-999,207,1000,es
BL,100-999,208,1000,es
AX,100-999,209,1000,es
SS,100-999,210,1000,es
GG,100-999,211,1000,es
CF,100-999,212,1000,es
BT,100-999,213,1000,es
GL,100-999,214,1000,es
SZ,100-999,214,1000,es
LS,100-999,216,1000,es
MP,100-999,217,1000,es
VU,100-999,218,1000,es
WS,100-999,219,1000,es
KM,100-999,220,1000,es
CK,100-999,221,1000,es
ES,1000000-9999999,1,9863000,ca
US,1000000-9999999,2,1339000,ca
FR,100000-999999,3,173000,ca
CA,100000-999999,4,165000,ca
DE,100000-999999,5,150000,ca
GB,100000-999999,6,112000,ca
IT,10000-99999,7,57000,ca
NL,10000-99999,8,55000,ca
--,10000-99999,9,54000,ca
AD,10000-99999,10,52000,ca
RU,10000-99999,11,42000,ca
BR,10000-99999,12,33000,ca
IN,10000-99999,13,33000,ca
IR,10000-99999,14,28000,ca
BE,10000-99999,15,27000,ca
SE,10000-99999,16,27000,ca
SG,10000-99999,17,27000,ca
AU,10000-99999,18,26000,ca
CZ,10000-99999,19,25000,ca
CH,10000-99999,20,25000,ca
JP,10000-99999,21,22000,ca
PL,10000-99999,22,22000,ca
IE,10000-99999,23,22000,ca
MX,10000-99999,24,21000,ca
DK,10000-99999,25,17000,ca
AT,10000-99999,26,16000,ca
NO,10000-99999,27,16000,ca
AR,10000-99999,28,14000,ca
UA,10000-99999,29,13000,ca
ID,10000-99999,30,13000,ca
RO,10000-99999,31,13000,ca
PT,10000-99999,32,11000,ca
FI,10000-99999,33,11000,ca
CL,1000-9999,34,10000,ca
CO,1000-9999,35,9000,ca
PE,1000-9999,36,9000,ca
TW,1000-9999,37,9000,ca
TR,1000-9999,38,9000,ca
IL,1000-9999,39,8000,ca
KR,1000-9999,40,8000,ca
VN,1000-9999,41,7000,ca
MA,1000-9999,42,6000,ca
HU,1000-9999,43,5000,ca
PH,1000-9999,44,5000,ca
TH,1000-9999,45,5000,ca
HK,1000-9999,46,5000,ca
UY,1000-9999,47,5000,ca
NG,1000-9999,48,5000,ca
EG,1000-9999,49,5000,ca
ZA,1000-9999,50,5000,ca
LU,1000-9999,51,5000,ca
GR,1000-9999,52,4000,ca
PK,1000-9999,53,4000,ca
RS,1000-9999,54,4000,ca
VE,1000-9999,54,4000,ca
BD,1000-9999,56,4000,ca
BG,1000-9999,57,4000,ca
MY,1000-9999,58,4000,ca
KZ,1000-9999,59,3000,ca
SA,1000-9999,60,3000,ca
AE,1000-9999,61,3000,ca
EC,1000-9999,62,3000,ca
DZ,1000-9999,63,3000,ca
SK,1000-9999,64,3000,ca
GE,1000-9999,65,3000,ca
NZ,1000-9999,66,3000,ca
DO,1000-9999,67,3000,ca
HR,1000-9999,68,3000,ca
SN,1000-9999,69,2000,ca
BY,1000-9999,70,2000,ca
CR,1000-9999,71,2000,ca
SC,1000-9999,72,2000,ca
LT,1000-9999,73,2000,ca
IQ,1000-9999,74,2000,ca
UZ,1000-9999,75,2000,ca
EE,1000-9999,76,2000,ca
AZ,1000-9999,77,2000,ca
TN,1000-9999,78,2000,ca
BO,1000-9999,79,2000,ca
JO,1000-9999,80,2000,ca
KE,1000-9999,81,2000,ca
LV,1000-9999,82,2000,ca
SI,1000-9999,83,2000,ca
PA,1000-9999,84,2000,ca
PR,1000-9999,85,2000,ca
KH,1000-9999,86,2000,ca
GT,100-999,87,1000,ca
HN,100-999,88,1000,ca
PY,100-999,89,1000,ca
ET,100-999,90,1000,ca
SV,100-999,91,1000,ca
AM,100-999,91,1000,ca
CU,100-999,93,1000,ca
MT,100-999,94,1000,ca
IS,100-999,95,1000,ca
NP,100-999,96,1000,ca
MD,100-999,97,1000,ca
CD,100-999,98,1000,ca
LK,100-999,99,1000,ca
TZ,100-999,100,1000,ca
BA,100-999,100,1000,ca
LB,100-999,102,1000,ca
YE,100-999,103,1000,ca
CY,100-999,103,1000,ca
CI,100-999,105,1000,ca
AO,100-999,106,1000,ca
UG,100-999,107,1000,ca
AL,100-999,108,1000,ca
KW,100-999,109,1000,ca
MK,100-999,110,1000,ca
SD,100-999,111,1000,ca
GH,100-999,112,1000,ca
HT,100-999,113,1000,ca
NI,100-999,114,1000,ca
QA,100-999,115,1000,ca
MM,100-999,116,1000,ca
CM,100-999,116,1000,ca
CN,100-999,118,1000,ca
KG,100-999,119,1000,ca
XK,100-999,120,1000,ca
MZ,100-999,121,1000,ca
LY,100-999,122,1000,ca
MG,100-999,123,1000,ca
TT,100-999,124,1000,ca
PS,100-999,125,1000,ca
TJ,100-999,126,1000,ca
OM,100-999,127,1000,ca
ME,100-999,128,1000,ca
SY,100-999,129,1000,ca
TG,100-999,130,1000,ca
MN,100-999,131,1000,ca
LA,100-999,132,1000,ca
SO,100-999,133,1000,ca
MU,100-999,134,1000,ca
ZW,100-999,135,1000,ca
BH,100-999,136,1000,ca
BF,100-999,137,1000,ca
JM,100-999,138,1000,ca
CV,100-999,139,1000,ca
ZM,100-999,140,1000,ca
BJ,100-999,141,1000,ca
TM,100-999,142,1000,ca
AF,100-999,143,1000,ca
BB,100-999,144,1000,ca
ML,100-999,145,1000,ca
MO,100-999,146,1000,ca
MR,100-999,147,1000,ca
RE,100-999,148,1000,ca
MV,100-999,149,1000,ca
GM,100-999,150,1000,ca
GY,100-999,151,1000,ca
US,1000000-9999999,1,4132000,simple
IN,1000000-9999999,2,2590000,simple
GB,1000000-9999999,3,1039000,simple
CA,100000-999999,4,491000,simple
PH,100000-999999,5,360000,simple
AU,100000-999999,6,248000,simple
DE,100000-999999,7,243000,simple
PK,100000-999999,8,188000,simple
SG,100000-999999,9,173000,simple
FR,100000-999999,10,169000,simple
NG,100000-999999,11,145000,simple
BD,100000-999999,12,128000,simple
NL,100000-999999,13,123000,simple
RU,100000-999999,14,114000,simple
MY,100000-999999,15,103000,simple
ZA,100000-999999,16,101000,simple
ID,100000-999999,17,101000,simple
IT,100000-999999,18,101000,simple
IE,10000-99999,19,79000,simple
ES,10000-99999,20,74000,simple
JP,10000-99999,21,72000,simple
BR,10000-99999,22,71000,simple
SE,10000-99999,23,69000,simple
PL,10000-99999,24,63000,simple
IR,10000-99999,25,61000,simple
TR,10000-99999,26,61000,simple
NZ,10000-99999,27,56000,simple
AE,10000-99999,28,51000,simple
BE,10000-99999,29,49000,simple
MX,10000-99999,30,49000,simple
SA,10000-99999,31,47000,simple
TH,10000-99999,32,46000,simple
HK,10000-99999,33,44000,simple
NO,10000-99999,34,44000,simple
RO,10000-99999,35,43000,simple
UA,10000-99999,36,43000,simple
NP,10000-99999,37,43000,simple
KE,10000-99999,38,42000,simple
CH,10000-99999,39,40000,simple
EG,10000-99999,40,40000,simple
--,10000-99999,41,39000,simple
CZ,10000-99999,42,38000,simple
LK,10000-99999,43,37000,simple
TW,10000-99999,44,37000,simple
VN,10000-99999,45,37000,simple
FI,10000-99999,46,36000,simple
DK,10000-99999,47,36000,simple
IL,10000-99999,48,34000,simple
GR,10000-99999,49,33000,simple
AT,10000-99999,50,30000,simple
KR,10000-99999,51,25000,simple
HU,10000-99999,52,22000,simple
RS,10000-99999,53,22000,simple
IQ,10000-99999,54,21000,simple
UZ,10000-99999,55,21000,simple
PT,10000-99999,56,21000,simple
MA,10000-99999,57,20000,simple
DZ,10000-99999,58,20000,simple
GH,10000-99999,59,20000,simple
BG,10000-99999,60,19000,simple
HR,10000-99999,61,18000,simple
LV,10000-99999,62,17000,simple
ET,10000-99999,63,17000,simple
AR,10000-99999,64,16000,simple
KZ,10000-99999,65,15000,simple
SK,10000-99999,66,15000,simple
MM,10000-99999,67,13000,simple
LT,10000-99999,68,13000,simple
SI,10000-99999,69,13000,simple
CO,10000-99999,70,12000,simple
GE,10000-99999,71,12000,simple
TZ,10000-99999,72,12000,simple
TN,10000-99999,73,12000,simple
CL,1000-9999,74,10000,simple
KH,1000-9999,75,10000,simple
QA,1000-9999,76,10000,simple
AZ,1000-9999,77,10000,simple
LB,1000-9999,78,9000,simple
EE,1000-9999,79,8000,simple
AF,1000-9999,80,8000,simple
BA,1000-9999,81,8000,simple
KW,1000-9999,82,7000,simple
PR,1000-9999,83,7000,simple
BY,1000-9999,84,7000,simple
UG,1000-9999,85,7000,simple
PE,1000-9999,86,7000,simple
CY,1000-9999,87,7000,simple
OM,1000-9999,88,7000,simple
AL,1000-9999,89,7000,simple
MD,1000-9999,90,7000,simple
EC,1000-9999,91,7000,simple
JO,1000-9999,92,6000,simple
DO,1000-9999,93,6000,simple
MK,1000-9999,94,6000,simple
AM,1000-9999,95,6000,simple
MU,1000-9999,96,6000,simple
JM,1000-9999,97,6000,simple
IS,1000-9999,98,6000,simple
ZM,1000-9999,99,6000,simple
MT,1000-9999,100,6000,simple
VE,1000-9999,101,5000,simple
TT,1000-9999,102,5000,simple
BH,1000-9999,103,5000,simple
ZW,1000-9999,104,4000,simple
UY,1000-9999,105,4000,simple
LU,1000-9999,106,4000,simple
CR,1000-9999,107,4000,simple
SO,1000-9999,108,4000,simple
CM,1000-9999,109,4000,simple
YE,1000-9999,110,4000,simple
MN,1000-9999,111,4000,simple
SD,1000-9999,112,4000,simple
CI,1000-9999,113,4000,simple
BJ,1000-9999,114,3000,simple
PS,1000-9999,115,3000,simple
XK,1000-9999,116,3000,simple
SN,1000-9999,117,3000,simple
HN,1000-9999,118,3000,simple
GT,1000-9999,119,3000,simple
TJ,1000-9999,120,3000,simple
PA,1000-9999,121,3000,simple
SL,1000-9999,122,3000,simple
LY,1000-9999,123,3000,simple
RW,1000-9999,124,3000,simple
LR,1000-9999,125,2000,simple
TM,1000-9999,126,2000,simple
BO,1000-9999,127,2000,simple
MV,1000-9999,128,2000,simple
SC,1000-9999,129,2000,simple
KG,1000-9999,130,2000,simple
ME,1000-9999,131,2000,simple
CD,1000-9999,132,2000,simple
BN,1000-9999,132,2000,simple
NA,1000-9999,134,2000,simple
SV,1000-9999,135,2000,simple
NI,1000-9999,136,2000,simple
GY,1000-9999,137,2000,simple
TG,1000-9999,137,2000,simple
MW,1000-9999,139,2000,simple
SY,1000-9999,140,2000,simple
BS,1000-9999,141,2000,simple
BW,1000-9999,142,2000,simple
CU,1000-9999,143,2000,simple
JE,1000-9999,144,2000,simple
IM,1000-9999,144,2000,simple
SR,1000-9999,146,2000,simple
AO,1000-9999,147,2000,simple
BB,1000-9999,148,2000,simple
LA,100-999,149,1000,simple
CN,100-999,150,1000,simple
PY,100-999,151,1000,simple
MO,100-999,152,1000,simple
BZ,100-999,153,1000,simple
PG,100-999,154,1000,simple
MG,100-999,155,1000,simple
SS,100-999,156,1000,simple
MZ,100-999,157,1000,simple
GM,100-999,158,1000,simple
GU,100-999,159,1000,simple
BT,100-999,160,1000,simple
GG,100-999,161,1000,simple
LC,100-999,162,1000,simple
FJ,100-999,163,1000,simple
BF,100-999,164,1000,simple
CW,100-999,165,1000,simple
GP,100-999,165,1000,simple
KY,100-999,167,1000,simple
AW,100-999,168,1000,simple
LS,100-999,169,1000,simple
HT,100-999,170,1000,simple
RE,100-999,171,1000,simple
SB,100-999,172,1000,simple
FO,100-999,173,1000,simple
VI,100-999,174,1000,simple
SZ,100-999,175,1000,simple
AG,100-999,176,1000,simple
GD,100-999,177,1000,simple
ML,100-999,178,1000,simple
GI,100-999,179,1000,simple
BI,100-999,180,1000,simple
VC,100-999,181,1000,simple
BM,100-999,182,1000,simple
MR,100-999,183,1000,simple
MQ,100-999,184,1000,simple
MC,100-999,185,1000,simple
GN,100-999,186,1000,simple
DM,100-999,187,1000,simple
SX,100-999,188,1000,simple
KN,100-999,189,1000,simple
GF,100-999,190,1000,simple
PF,100-999,191,1000,simple
AD,100-999,192,1000,simple
VG,100-999,193,1000,simple
CV,100-999,194,1000,simple
GL,100-999,195,1000,simple
CG,100-999,196,1000,simple
GA,100-999,197,1000,simple
TL,100-999,198,1000,simple
NE,100-999,199,1000,simple
TC,100-999,200,1000,simple
MP,100-999,201,1000,simple
DJ,100-999,201,1000,simple
AS,100-999,203,1000,simple
ER,100-999,204,1000,simple
US,100000-999999,1,609000,eo
CA,100000-999999,2,101000,eo
DE,10000-99999,3,92000,eo
FR,10000-99999,4,81000,eo
RU,10000-99999,5,36000,eo
NL,10000-99999,6,36000,eo
--,10000-99999,7,26000,eo
CZ,10000-99999,8,23000,eo
GB,10000-99999,9,20000,eo
SE,10000-99999,10,19000,eo
ES,10000-99999,11,19000,eo
SG,10000-99999,12,18000,eo
PL,10000-99999,13,17000,eo
IT,10000-99999,14,16000,eo
IL,10000-99999,15,16000,eo
JP,10000-99999,16,16000,eo
BR,10000-99999,17,15000,eo
IN,10000-99999,18,14000,eo
IR,10000-99999,19,13000,eo
AU,10000-99999,20,12000,eo
TW,10000-99999,21,11000,eo
HU,1000-9999,22,9000,eo
CH,1000-9999,23,8000,eo
AT,1000-9999,24,8000,eo
FI,1000-9999,25,8000,eo
BE,1000-9999,26,8000,eo
NO,1000-9999,27,7000,eo
ID,1000-9999,28,7000,eo
RO,1000-9999,29,7000,eo
UA,1000-9999,30,7000,eo
KR,1000-9999,31,6000,eo
MX,1000-9999,32,5000,eo
TR,1000-9999,33,4000,eo
HK,1000-9999,34,4000,eo
AR,1000-9999,35,4000,eo
ZA,1000-9999,36,4000,eo
DK,1000-9999,37,4000,eo
IE,1000-9999,38,3000,eo
PK,1000-9999,39,3000,eo
PE,1000-9999,40,3000,eo
SK,1000-9999,41,2000,eo
VN,1000-9999,42,2000,eo
CL,1000-9999,43,2000,eo
GE,1000-9999,44,2000,eo
CO,1000-9999,45,2000,eo
NG,1000-9999,46,2000,eo
KZ,1000-9999,47,2000,eo
PH,1000-9999,48,2000,eo
LU,1000-9999,49,2000,eo
AE,1000-9999,50,2000,eo
PT,1000-9999,51,2000,eo
HR,1000-9999,52,2000,eo
BY,1000-9999,53,2000,eo
CR,1000-9999,54,2000,eo
EC,1000-9999,55,2000,eo
BG,1000-9999,56,2000,eo
LT,1000-9999,57,2000,eo
GR,1000-9999,58,2000,eo
NZ,1000-9999,59,2000,eo
UZ,1000-9999,60,2000,eo
MY,1000-9999,61,2000,eo
TH,1000-9999,62,2000,eo
RS,100-999,63,1000,eo
VE,100-999,64,1000,eo
BD,100-999,65,1000,eo
ME,100-999,66,1000,eo
SA,100-999,67,1000,eo
SN,100-999,68,1000,eo
SC,100-999,69,1000,eo
MA,100-999,70,1000,eo
EE,100-999,71,1000,eo
LV,100-999,72,1000,eo
MD,100-999,73,1000,eo
EG,100-999,74,1000,eo
TN,100-999,75,1000,eo
AZ,100-999,76,1000,eo
DZ,100-999,77,1000,eo
SI,100-999,78,1000,eo
DO,100-999,79,1000,eo
AM,100-999,80,1000,eo
PR,100-999,81,1000,eo
TJ,100-999,82,1000,eo
NP,100-999,83,1000,eo
BH,100-999,84,1000,eo
IQ,100-999,85,1000,eo
PY,100-999,86,1000,eo
KH,100-999,86,1000,eo
CN,100-999,88,1000,eo
CU,100-999,89,1000,eo
BA,100-999,90,1000,eo
CD,100-999,91,1000,eo
BJ,100-999,92,1000,eo
IS,100-999,93,1000,eo
MK,100-999,94,1000,eo
JO,100-999,95,1000,eo
HN,100-999,96,1000,eo
MT,100-999,97,1000,eo
CY,100-999,98,1000,eo
AL,100-999,99,1000,eo
UY,100-999,100,1000,eo
GT,100-999,101,1000,eo
BO,100-999,102,1000,eo
LK,100-999,103,1000,eo
PA,100-999,104,1000,eo
KE,100-999,105,1000,eo
ET,100-999,106,1000,eo
TZ,100-999,107,1000,eo
TT,100-999,108,1000,eo
XK,100-999,109,1000,eo
MM,100-999,110,1000,eo
KG,100-999,111,1000,eo
SD,100-999,112,1000,eo
GH,100-999,113,1000,eo
TM,100-999,114,1000,eo
US,100000-999999,1,157000,io
CA,10000-99999,2,19000,io
FR,10000-99999,3,18000,io
NL,10000-99999,4,12000,io
RU,1000-9999,5,9000,io
DE,1000-9999,6,9000,io
IN,1000-9999,7,8000,io
SG,1000-9999,8,6000,io
PL,1000-9999,9,6000,io
BR,1000-9999,10,5000,io
UA,1000-9999,11,3000,io
IR,1000-9999,12,3000,io
AU,1000-9999,13,3000,io
RO,1000-9999,14,3000,io
JP,1000-9999,15,3000,io
GB,1000-9999,16,3000,io
ID,1000-9999,17,3000,io
SE,1000-9999,18,2000,io
CH,1000-9999,19,2000,io
KR,1000-9999,20,2000,io
ES,1000-9999,21,2000,io
TR,1000-9999,22,2000,io
KZ,1000-9999,23,2000,io
IT,100-999,24,1000,io
AE,100-999,25,1000,io
IL,100-999,26,1000,io
HK,100-999,27,1000,io
AR,100-999,28,1000,io
NG,100-999,29,1000,io
IE,100-999,30,1000,io
--,100-999,31,1000,io
UZ,100-999,32,1000,io
GE,100-999,33,1000,io
BY,100-999,34,1000,io
DK,100-999,35,1000,io
BH,100-999,36,1000,io
HU,100-999,37,1000,io
PK,100-999,38,1000,io
CN,100-999,39,1000,io
VN,100-999,40,1000,io
BE,100-999,41,1000,io
FI,100-999,42,1000,io
CZ,100-999,43,1000,io
NP,100-999,44,1000,io
MX,100-999,45,1000,io
TH,100-999,46,1000,io
BG,100-999,47,1000,io
PH,100-999,48,1000,io
SN,100-999,49,1000,io
HR,100-999,49,1000,io
NO,100-999,51,1000,io
MY,100-999,52,1000,io
PT,100-999,53,1000,io
RS,100-999,54,1000,io
GR,100-999,54,1000,io
LV,100-999,56,1000,io
NZ,100-999,57,1000,io
TW,100-999,58,1000,io
TJ,100-999,58,1000,io
AT,100-999,60,1000,io
SK,100-999,61,1000,io
GH,100-999,62,1000,io
ZA,100-999,62,1000,io
KH,100-999,64,1000,io
BD,100-999,65,1000,io
LT,100-999,66,1000,io
EE,100-999,67,1000,io
DZ,100-999,68,1000,io
US,100000-999999,1,126000,ia
CA,10000-99999,2,20000,ia
FR,10000-99999,3,14000,ia
DE,1000-9999,4,9000,ia
RU,1000-9999,5,8000,ia
NL,1000-9999,6,7000,ia
IN,1000-9999,7,6000,ia
SG,1000-9999,8,5000,ia
IT,1000-9999,9,5000,ia
CH,1000-9999,10,4000,ia
ES,1000-9999,11,4000,ia
PL,1000-9999,12,3000,ia
GB,1000-9999,13,3000,ia
SE,1000-9999,14,3000,ia
BR,1000-9999,15,3000,ia
UA,1000-9999,16,3000,ia
JP,1000-9999,17,3000,ia
MX,1000-9999,18,2000,ia
--,1000-9999,19,2000,ia
IR,1000-9999,20,2000,ia
AU,1000-9999,21,2000,ia
ID,1000-9999,22,2000,ia
HK,1000-9999,23,2000,ia
AR,1000-9999,24,2000,ia
KR,1000-9999,25,2000,ia
RO,100-999,26,1000,ia
CO,100-999,27,1000,ia
NG,100-999,28,1000,ia
IE,100-999,29,1000,ia
IL,100-999,30,1000,ia
AT,100-999,31,1000,ia
KZ,100-999,32,1000,ia
PE,100-999,33,1000,ia
AE,100-999,34,1000,ia
CZ,100-999,35,1000,ia
TR,100-999,36,1000,ia
CL,100-999,37,1000,ia
PH,100-999,38,1000,ia
VN,100-999,39,1000,ia
BH,100-999,40,1000,ia
UZ,100-999,41,1000,ia
PK,100-999,42,1000,ia
BE,100-999,43,1000,ia
HU,100-999,44,1000,ia
GE,100-999,45,1000,ia
FI,100-999,46,1000,ia
EC,100-999,47,1000,ia
NO,100-999,48,1000,ia
PT,100-999,49,1000,ia
DK,100-999,50,1000,ia
VE,100-999,51,1000,ia
TW,100-999,52,1000,ia
CN,100-999,53,1000,ia
BY,100-999,53,1000,ia
MY,100-999,55,1000,ia
NP,100-999,56,1000,ia
HR,100-999,57,1000,ia
GR,100-999,58,1000,ia
BG,100-999,59,1000,ia
KW,100-999,60,1000,ia
TH,100-999,61,1000,ia
RS,100-999,62,1000,ia
BO,100-999,62,1000,ia
LV,100-999,64,1000,ia
ZA,100-999,65,1000,ia
MA,100-999,65,1000,ia
SN,100-999,67,1000,ia
TJ,100-999,68,1000,ia
AM,100-999,69,1000,ia
BD,100-999,70,1000,ia
NZ,100-999,71,1000,ia
LT,100-999,72,1000,ia
DO,100-999,73,1000,ia
SK,100-999,74,1000,ia
CR,100-999,75,1000,ia
EE,100-999,76,1000,ia
US,10000-99999,1,66000,vo
CA,10000-99999,2,12000,vo
FR,1000-9999,3,9000,vo
NL,1000-9999,4,9000,vo
RU,1000-9999,5,7000,vo
PL,1000-9999,6,6000,vo
DE,1000-9999,7,5000,vo
IN,1000-9999,8,5000,vo
SG,1000-9999,9,3000,vo
UA,1000-9999,10,2000,vo
GB,1000-9999,11,2000,vo
IT,1000-9999,12,2000,vo
JP,1000-9999,13,2000,vo
AU,100-999,14,1000,vo
KR,100-999,15,1000,vo
ES,100-999,16,1000,vo
SE,100-999,17,1000,vo
ID,100-999,18,1000,vo
IL,100-999,19,1000,vo
BR,100-999,20,1000,vo
--,100-999,21,1000,vo
CH,100-999,22,1000,vo
RO,100-999,23,1000,vo
KZ,100-999,24,1000,vo
CZ,100-999,25,1000,vo
NG,100-999,26,1000,vo
HK,100-999,27,1000,vo
VN,100-999,28,1000,vo
IR,100-999,29,1000,vo
UZ,100-999,30,1000,vo
PK,100-999,31,1000,vo
FI,100-999,32,1000,vo
IE,100-999,33,1000,vo
DK,100-999,34,1000,vo
BY,100-999,34,1000,vo
AT,100-999,36,1000,vo
TR,100-999,37,1000,vo
GE,100-999,38,1000,vo
AR,100-999,39,1000,vo
BE,100-999,40,1000,vo
SN,100-999,41,1000,vo
CN,100-999,41,1000,vo
HU,100-999,43,1000,vo
AE,100-999,44,1000,vo
NP,100-999,45,1000,vo
TH,100-999,46,1000,vo
PT,100-999,47,1000,vo
BH,100-999,48,1000,vo
TJ,100-999,49,1000,vo
NO,100-999,50,1000,vo
KW,100-999,51,1000,vo
PH,100-999,52,1000,vo
LV,100-999,53,1000,vo
LT,100-999,54,1000,vo
EE,100-999,55,1000,vo
US,10000-99999,1,61000,ie
--,10000-99999,2,21000,ie
DE,10000-99999,3,16000,ie
NL,10000-99999,4,12000,ie
CA,1000-9999,5,9000,ie
RU,1000-9999,6,7000,ie
FR,1000-9999,7,7000,ie
NO,1000-9999,8,5000,ie
IN,1000-9999,9,4000,ie
AT,1000-9999,10,4000,ie
GB,1000-9999,11,3000,ie
SE,1000-9999,12,3000,ie
SG,1000-9999,13,2000,ie
ES,1000-9999,14,2000,ie
RO,1000-9999,15,2000,ie
CH,1000-9999,16,2000,ie
UA,1000-9999,17,2000,ie
PL,100-999,18,1000,ie
AU,100-999,19,1000,ie
JP,100-999,20,1000,ie
ID,100-999,21,1000,ie
IT,100-999,22,1000,ie
FI,100-999,23,1000,ie
BR,100-999,24,1000,ie
KZ,100-999,25,1000,ie
KR,100-999,26,1000,ie
HK,100-999,27,1000,ie
IR,100-999,28,1000,ie
SC,100-999,29,1000,ie
IL,100-999,30,1000,ie
NG,100-999,31,1000,ie
IE,100-999,32,1000,ie
PK,100-999,33,1000,ie
AE,100-999,34,1000,ie
DK,100-999,35,1000,ie
VN,100-999,36,1000,ie
BH,100-999,37,1000,ie
LU,100-999,37,1000,ie
CZ,100-999,39,1000,ie
MX,100-999,39,1000,ie
AR,100-999,41,1000,ie
UZ,100-999,42,1000,ie
GE,100-999,43,1000,ie
BE,100-999,44,1000,ie
HU,100-999,45,1000,ie
TR,100-999,46,1000,ie
NP,100-999,47,1000,ie
KW,100-999,48,1000,ie
BY,100-999,49,1000,ie
TJ,100-999,50,1000,ie
BA,100-999,51,1000,ie
GR,100-999,51,1000,ie
US,10000-99999,1,30000,nov
CA,1000-9999,2,6000,nov
IN,1000-9999,3,4000,nov
RU,1000-9999,4,4000,nov
FR,1000-9999,5,3000,nov
NL,1000-9999,6,2000,nov
DE,1000-9999,7,2000,nov
SG,1000-9999,8,2000,nov
UA,1000-9999,9,2000,nov
PL,100-999,10,1000,nov
GB,100-999,11,1000,nov
AU,100-999,12,1000,nov
NO,100-999,13,1000,nov
SE,100-999,14,1000,nov
--,100-999,15,1000,nov
KZ,100-999,16,1000,nov
BR,100-999,17,1000,nov
JP,100-999,18,1000,nov
ID,100-999,19,1000,nov
BH,100-999,20,1000,nov
HK,100-999,21,1000,nov
NG,100-999,22,1000,nov
PK,100-999,23,1000,nov
IL,100-999,24,1000,nov
CN,100-999,25,1000,nov
UZ,100-999,26,1000,nov
VN,100-999,27,1000,nov
KR,100-999,28,1000,nov
ES,100-999,29,1000,nov
IR,100-999,29,1000,nov
GE,100-999,31,1000,nov
KW,100-999,32,1000,nov
IE,100-999,33,1000,nov
IT,100-999,34,1000,nov
RO,100-999,35,1000,nov
CH,100-999,36,1000,nov
DK,100-999,37,1000,nov
NP,100-999,38,1000,nov
BY,100-999,39,1000,nov
TJ,100-999,40,1000,nov
